file,Pole Height - AGL
N109_NAT_Revised_As_Built.pdf,39.00
AT90XSJ62NAT_Revised_As_Built.pdf,38.58
COP-DTE-008-15538919-As-Built_Construction_Drawings.pdf,27.50
COP-DTE-009-15538875-As-Built_Construction_Drawings.pdf,27.50
COP-DTE-042-15538965-As-Built_Construction_Drawings.pdf,27.50
COP-DTE-056-15538839-As-Built_Construction_Drawings.pdf,27.75
COP-DTE-057-15538869-As_Built_Construction_Drawings.pdf,27.75
COP-DTE-060-15538859-As-Built_Construction_Drawings.pdf,27.50
COP-DTE-077-15538829-As_Built.pdf,27.50
COP-DTE-082-15538841-As-Built.pdf,27.50
COP-DTE-091-15538633-As_Built_Consturction_Drawings.pdf,27.50
COP-DTE-094-15538641-As-Built_Construction_Drawings.pdf,27.50
COP-DTE-185-15538663-As-Built_Construction_Drawings.pdf,27.50
ATH017_AsBuilt.pdf,33.75
WLD-017m1_Redline.pdf,42.92
DNW075_5G_Redlines_-_S1.pdf,38.08
COP-DTE-054-15538837-As-Built_Construction_Drawings.pdf,27.75
COP-DTE-139-15538609-As-Built_Construction_Drawings.pdf,27.50
COP-DTE-150-15538611-As-Built_Construction_Drawings.pdf,27.58
COP-DTE-401-15538781-As-Built_Construction_Drawings.pdf,27.83
COP-DTE-407-15538801-As_Built_Construction_Drawings.pdf,27.50
CHICAGO_SC_19_431427_REDLINE-NODE.pdf,34.50
COP-DTE-276-15538459-As-Built_Construction_Drawing.pdf,27.50
COP-DTE-325-15538537-As-Built_Construction_Drawings.pdf,29.00
PCT-009_402146_NAT_Redlined_As-Built.pdf,38.83
PHL-329m1_404299_NAT_Redlined_As-Built.pdf,47.58
PHL-267_404300_NAT_Redlined_As-Built.pdf,48.50
PHL-252_404350_NAT_Redlined_As-Built.pdf,44.83
PHL-251_404352_NAT_Redlined_As-Built.pdf,47.00
PHL-283_404372_NAT_Redlined_As-Built.pdf,33.67
PHL-148_404375_NAT_Redlined_As-Built.pdf,34.42
PHL-124_404397_NAT_Redlined_As-Built.pdf,39.58
PL90XSEA7N18.L_PHL-132_RECORD_REV00_20200417.pdf,39.50
PHL-098_404446_NAT_Redlined_As-Built.pdf,42.92
PHL-405-404486_NAT_Redlined_As-Built.pdf,44.00
MBC002_NAT_Revised_As_Built.pdf,29.50
PL90XSEW7N18.L_PHP565_RECORD_REV00_20200420.pdf,39.67
PHP551_407553_NAT_Redlined_As-Built.pdf,32.92
COP-DTE-370-15538745-As_Built_Construction_Drawings.pdf,27.50
5392081_1600997109443_ATT_HO020303_Redlines_6.18.2020_(2)_NAT.pdf,34.50
PRT-005_NAT_Revised_As_Built.pdf,38.75
2297228_1611073455217_Woods Beta-02 - As-Built - 01.15.21.pdf,32.00
3702867_1573597725878_MI90XSL00 - 3_1_Rev 0_05.16.18_Redlined_CD's.pdf,35.17
3702766_1576509284735_SM73_31_1_409748_NAT_Revised_As_Built.pdf,38.17
46_2_409801_Construction_Drawings.pdf,40.83
3702930_1582910513254_SM56  73_2_409889_Construction_Drawings_redline.pdf,41.08
410566_CI90XS818_NAT_Reviewed_As-Built.pdf,30.00
410567_CI90XSD04_NAT_Reviewed_As_Built.pdf,30.00
DAL_076_-_AE_As-Built_-_08.13.2020.pdf,27.00
DAL-190_-_AE_As-Built_-_08.05.2020.pdf,28.00
SFL02004_417613_As-Builts_(4-6-18)_-_CORRECTED.pdf,34.00
410572_CLIFTON_Z_6_SC_Node_CRC-DAS-149_STETSON_&_BELLEVUE_20171025_NAT_Reviewed_As-Built.pdf,27.61
CHICAGO_SC_68_444304_REDLINE-NODE.pdf,34.50
PHL-426_402077_NAT_Redlined_As-Built.pdf,34.50
PHL-001m2_404216_NAT_Redlined_As-Built.pdf,30.42
PHL-012_NAT_Revised_As_Built.pdf,38.60
PHL-246_NAT_Revised_As_Built.pdf,34.58
PL90XSGJ3N18.L_CD_CMD-013_As_Built.pdf,40.25
CMD-025_NAT_Revised_As_Built.pdf,33.75
CMD-018_NAT_Revised_As_Built.pdf,34.00
PHP594_407549_NAT_Redlined_As-Built.pdf,39.58
CH4273BA_Elevation_NAT_Revised_As_Built.pdf,29.50
CH1381BA_439575_Elevation_As_Built.pdf,28.00
CH2314BA_Elevation_As_Built-Node.pdf,39.25
CH2300BA_11LAB_Elevation_NAT_Reviewed_As_Built.pdf,33.58
CH1424BA_81LAB_Elevation_As_Built.pdf,38.25
CHPH30587_SCU-469511_Redlines-Node.pdf,37.33
CH1509BA_91LAB_Elevation_As_Built-Node.pdf,39.00
CHPH30788_469865_NAT_Redlined_As-Built.pdf,39.00
CH2262BA_21LAB_Elevation_As_Built.pdf,38.57
CHPH32493_SCU-470217_NAT_Reviewed_Redline-Node.pdf,33.42
CH90XSQ40_403382_REDLINE-NODE.pdf,38.08
VOC-062_414882_NAT_Redlined_As-Built.pdf,31.00
VOC-063_As_Built.PDF,31.00
VOC-068-414888_NAT_Redlined_As-Built.pdf,31.00
VOC-073_As_Built.PDF,31.00
CH90XSGR3_431464_NAT_Reviewed_REDLINE-NODE.pdf,34.50
CH90XS689_439804_REDLINE-NODE.pdf,35.08
CH90XSL3Y_469964_REDLINE-NODE.pdf,34.83
Pico_1009_As-Built.pdf,34.75
As-Built_19-0293_Monroe_&_LSD_409240_CRC-DAS-392G_20190607_PM_approved_(1).pdf,34.33
GP02_SCU_409395_Redline-Node.pdf,33.42
GP04_409397_NAT_Redlined_As-Built.pdf,33.42
Jackson_and_Canal_MC_411198_NAT_Redlined_As-Built.pdf,34.57
Jefferson_&_Randolph_411208_NAT_Redlined_As-Built.pdf,34.68
State_&_Walton_SC_411215_Redline-Node.PDF,34.50
Clark_&_Hubbard_SC_411224_Redline-Node.pdf,34.75
Wells_&_Kinzie_SC_411225_NAT_Redlined_As-Built.pdf,35.00
DesPlaines_&_Monroe_411503_NAT_Redlined_As-Built.pdf,34.58
Halsted_&_Eastman_Lasalle_&_Jackson_SCU_411504_As_Built-Node.pdf,34.50
Columbus_&_Balbo_411512_Fiber_As-Built.pdf,34.50
Upper_Wacker_&_Randolph_411526__REDLINE-NODE.pdf,34.50
Dearborn_&_Schiller_SCU_411535_As_Built_-Node.pdf,34.58
Node_AA-413502-Fiber_AsBuilt.pdf,34.50
As-Built_-_SC_AC.pdf,34.50
Node_T_413508_Fiber_AsBuilt.pdf,34.50
Node_G_413507_Fiber_AsBuilt.pdf,34.50
NODE_O_413507_Fiber_As-Built.pdf,34.50
Michigan_Congress_SC_425033_Redline-Node.pdf,34.50
CH0650BA_PICO_847_As_Built-Node.pdf,34.50
